C. JULIAN CARRILLO,610,Chihuahua,31000,Chihuahua
PASEOS DE ALDAMA,13906,Chihuahua,31125,Chihuahua
CASTILLO,794,Ensenada,22800,Baja California
RIO MOCORITO,800,Mexicali,21290,Baja California
CALLE DEL ARROYAN,399,Mexicali,21254,Baja California
DEL ARROYAN,0,Mexicali,21399,Baja California
LAZARO CARDENAS,1500,Mexicali,21180,Baja California
VASCO DE QUIROGA,702,Mexicali,21240,Baja California
FRANCISCO I. MADERO,464,Mexicali,21100,Baja California
SEGUNDA Y MEDIA,316,Chihuahua,31000,Chihuahua
AVENIDA DE LA INDUSTRIA,1181,Juárez,32470,Chihuahua
OCTAVA,2803,Chihuahua,31050,Chihuahua
JUAN ESCUTIA,2048,Chihuahua,31110,Chihuahua
MINA LA PRINCESA,1301,Chihuahua,31060,Chihuahua
CHINACANTECOS,2505,Juárez,32280,Chihuahua
ESPINOZA,447,Ensenada,22800,Baja California
JUAN ESCUTIA,2048,Chihuahua,31110,Chihuahua
WASHINGTON,500,Chihuahua,31114,Chihuahua
GOMEZ MORIN,516,Delicias,33000,Chihuahua
VALLARTA,4707,Chihuahua,31100,Chihuahua
CALLE DE LA CAPILLA NORTE,1043,Juárez,32553,Chihuahua
GENERAL MIGUEL BARRAGAN,7709,Chihuahua,31130,Chihuahua
CHE GUEVARA,1309,Chihuahua,31064,Chihuahua
RUISEÑOR,6716,Juárez,32610,Chihuahua
MINA LA PRINCESA,1301,Chihuahua,31060,Chihuahua
CHINACANTECOS,2505,Juárez,32280,Chihuahua
ESPINOZA,447,Ensenada,22800,Baja California
JUAN ESCUTIA,2048,Chihuahua,31110,Chihuahua
WASHINGTON,500,Chihuahua,31114,Chihuahua
GOMEZ MORIN,516,Delicias,33000,Chihuahua
FRANCISCO ZARCO MATEOS,7023,Chihuahua,31410,Chihuahua
C. JULIAN CARRILLO,610,Chihuahua,31000,Chihuahua
PASEOS DE ALDAMA,13906,Chihuahua,31125,Chihuahua
AVENIDA DE LAS INDUSTRIAS,SN,Chihuahua,31136,Chihuahua
Santos Dumont,6211,Juárez,32695,Chihuahua
GOMEZ MORIN,516,Delicias,33000,Chihuahua
FRANCISCO ZARCO MATEOS,7023,Chihuahua,31410,Chihuahua
FRANCISCO ZARCO MATEOS,7023,Chihuahua,31410,Chihuahua
C. JULIAN CARRILLO,610,Chihuahua,31000,Chihuahua
PASEOS DE ALDAMA,13906,Chihuahua,31125,Chihuahua
AVENIDA DE LAS INDUSTRIAS,SN,Chihuahua,31136,Chihuahua
Santos Dumont,6211,Juárez,32695,Chihuahua
C. JULIAN CARRILLO,610,Chihuahua,31000,Chihuahua
PASEOS DE ALDAMA,13906,Chihuahua,31125,Chihuahua
AVENIDA DE LAS INDUSTRIAS,SN,Chihuahua,31136,Chihuahua
Santos Dumont,6211,Juárez,32695,Chihuahua
ASCO DE QUIROGA,702,Mexicali,21240,Baja California
FRANCISCO I. MADERO,464,Mexicali,21100,Baja California
SEGUNDA Y MEDIA,316,Chihuahua,31000,Chihuahua
AVENIDA DE LA INDUSTRIA,1181,Juárez,32470,Chihuahua
OCTAVA,2803,Chihuahua,31050,Chihuahua
JUAN ESCUTIA,2048,Chihuahua,31110,Chihuahua
WASHINGTON,500,Chihuahua,31114,Chihuahua
GOMEZ MORIN,516,Delicias,33000,Chihuahua
FRANCISCO ZARCO MATEOS,7023,Chihuahua,31410,Chihuahua
C. JULIAN CARRILLO,610,Chihuahua,31000,Chihuahua
PASEOS DE ALDAMA,13906,Chihuahua,31125,Chihuahua
AVENIDA DE LAS INDUSTRIAS,SN,Chihuahua,31136,Chihuahua
Santos Dumont,6211,Juárez,32695,Chihuahua
GOMEZ MORIN,516,Delicias,33000,Chihuahua
Homero,500,Chihuahua,31136,Chihuahua
VALLARTA,4707,Chihuahua,31100,Chihuahua
CALLE DE LA CAPILLA NORTE,1043,Juárez,32553,Chihuahua
GENERAL MIGUEL BARRAGAN,7709,Chihuahua,31130,Chihuahua
CHE GUEVARA,1309,Chihuahua,31064,Chihuahua
GENERAL MIGUEL BARRAGAN,7709,Chihuahua,31130,Chihuahua
CHE GUEVARA,1309,Chihuahua,31064,Chihuahua
RUISEÑOR,6716,Juárez,32610,Chihuahua
MINA LA PRINCESA,1301,Chihuahua,31060,Chihuahua
CHINACANTECOS,2505,Juárez,32280,Chihuahua
DE LAS INDUSTRIAS,6701,Chihuahua,31150,Chihuahua
RÍO SAN PEDRO,1901,Meoqui,33130,Chihuahua
CONSTITUCION,SN,Tijuana,22000,Baja California
FRANCISCO I. MADERO,946,Mexicali,21100,Baja California
MIGUEL NEGRETE,1841,Tijuana,22000,Baja California
ESPINOZA,447,Ensenada,22800,Baja California
MEXICO,242,Mexicali,21100,Baja California
SIERRA MADRE ORIENTAL,SN,Mexicali,21970,Baja California
RUISEÑOR,6716,Juárez,32610,Chihuahua
MINA LA PRINCESA,1301,Chihuahua,31060,Chihuahua
CHINACANTECOS,2505,Juárez,32280,Chihuahua
AVENIDA DE LA INDUSTRIA,1181,Juárez,32470,Chihuahua
OCTAVA,2803,Chihuahua,31050,Chihuahua
JUAN ESCUTIA,2048,Chihuahua,31110,Chihuahua
ESPINOZA,447,Ensenada,22800,Baja California
MEXICO,242,Mexicali,21100,Baja California
SIERRA MADRE ORIENTAL,SN,Mexicali,21970,Baja California
Calzada de las Águilas,0,Ensenada,22880,Baja California
Benito Juárez,57,Tijuana,21060,Baja California
Lázaro Cárdenas,0,Mexicali,21399,Baja California
NIÑOS HEROES (B),1393,Tijuana,22000,Baja California
LAS TORRES,21804,Tijuana,22206,Baja California
AVENIDA DE LAS INDUSTRIAS,SN,Chihuahua,31136,Chihuahua
Santos Dumont,6211,Juárez,32695,Chihuahua
Homero,500,Chihuahua,31136,Chihuahua
VALLARTA,4707,Chihuahua,31100,Chihuahua
SEGUNDA Y MEDIA,316,Chihuahua,31000,Chihuahua
AVENIDA DE LA INDUSTRIA,1181,Juárez,32470,Chihuahua
OCTAVA,2803,Chihuahua,31050,Chihuahua
JUAN ESCUTIA,2048,Chihuahua,31110,Chihuahua
WASHINGTON,500,Chihuahua,31114,Chihuahua
GOMEZ MORIN,516,Delicias,33000,Chihuahua
FRANCISCO ZARCO MATEOS,7023,Chihuahua,31410,Chihuahua
C. JULIAN CARRILLO,610,Chihuahua,31000,Chihuahua
PASEOS DE ALDAMA,13906,Chihuahua,31125,Chihuahua
AVENIDA DE LAS INDUSTRIAS,SN,Chihuahua,31136,Chihu
CALLE DE LA CAPILLA NORTE,1043,Juárez,32553,Chihuahua
RUISEÑOR,6716,Juárez,32610,Chihuahua
MINA LA PRINCESA,1301,Chihuahua,31060,Chihuahua
CHINACANTECOS,2505,Juárez,32280,Chihuahua
ESPINOZA,447,Ensenada,22800,Baja California
MEXICO,242,Mexicali,21100,Baja California
SIERRA MADRE ORIENTAL,SN,Mexicali,21970,Baja California
Calzada de las Águilas,0,Ensenada,22880,Baja California
Benito Juárez,57,Tijuana,21060,Baja California
Lázaro Cárdenas,0,Mexicali,21399,Baja California
NIÑOS HEROES (B),1393,Tijuana,22000,Baja California
LAS TORRES,21804,Tijuana,22206,Baja California
GENERAL MIGUEL BARRAGAN,7709,Chihuahua,31130,Chihuahua
CHE GUEVARA,1309,Chihuahua,31064,Chihuahua
RUISEÑOR,6716,Juárez,32610,Chihuahua
MINA LA PRINCESA,1301,Chihuahua,31060,Chihuahua
CHINACANTECOS,2505,Juárez,32280,Chihuahua
ESPINOZA,447,Ensenada,22800,Baja California
MEXICO,242,Mexicali,21100,Baja California
SIERRA MADRE ORIENTAL,SN,Mexicali,21970,Baja California
Calzada de las Águilas,0,Ensenada,22880,Baja California
Benito Juárez,57,Tijuana,21060,Baja California
MIGUEL NEGRETE,1841,Tijuana,22000,Baja California
AVENIDA DE LAS INDUSTRIAS,SN,Chihuahua,31136,Chihuahua
Santos Dumont,6211,Juárez,32695,Chihuahua
Homero,500,Chihuahua,31136,Chihuahua
VALLARTA,4707,Chihuahua,31100,Chihuahua
CALLE DE LA CAPILLA NORTE,1043,Juárez,32553,Chihuahua
GENERAL MIGUEL BARRAGAN,7709,Chihuahua,31130,Chihuahua
CHE GUEVARA,1309,Chihuahua,31064,Chihuahua
OCTAVA,2803,Chihuahua,31050,Chihuahua
JUAN ESCUTIA,2048,Chihuahua,31110,Chihuahua
WASHINGTON,500,Chihuahua,31114,Chihuahua
GOMEZ MORIN,516,Delicias,33000,Chihuahua
FRANCISCO ZARCO MATEOS,7023,Chihuahua,31410,Chihuahua
C. JULIAN CARRILLO,610,Chihuahua,31000,Chihuahua
PASEOS DE ALDAMA,13906,Chihuahua,31125,Chihuahua
AVENIDA DE LAS INDUSTRIAS,SN,Chihuahua,31136,Chihuahua
Santos Dumont,6211,Juárez,32695,Chihuahua
Homero,500,Chihuahua,31136,Chihuahua
VALLARTA,4707,Chihuahua,31100,Chihuahua
CALLE DE LA CAPILLA NORTE,1043,Juárez,32553,Chihuahua
GENERAL MIGUEL BARRAGAN,7709,Chihuahua,31130,Chihuahua
CHE GUEVARA,1309,Chihuahua,31064,Chihuahua
OCTAVA,2803,Chihuahua,31050,Chihuahua
JUAN ESCUTIA,2048,Chihuahua,31110,Chihuahua
WASHINGTON,500,Chihuahua,31114,Chihuahua
GOMEZ MORIN,516,Delicias,33000,Chihuahua
FRANCISCO ZARCO MATEOS,7023,Chihuahua,31410,Chihuahua
C. JULIAN CARRILLO,610,Chihuahua,31000,Chihuahua
PASEOS DE ALDAMA,13906,Chihuahua,31125,Chihuahua
GOMEZ MORIN,516,Delicias,33000,Chihuahua
FRANCISCO ZARCO MATEOS,7023,Chihuahua,31410,Chihuahua
C. JULIAN CARRILLO,610,Chihuahua,31000,Chihuahua
PASEOS DE ALDAMA,13906,Chihuahua,31125,Chihuahua
AVENIDA DE LAS INDUSTRIAS,SN,Chihuahua,31136,Chihuahua
Santos Dumont,6211,Juárez,32695,Chihuahua
Homero,500,Chihuahua,31136,Chihuahua
VALLARTA,4707,Chihuahua,31100,Chihuahua
CALLE DE LA CAPILLA NORTE,1043,Juárez,32553,Chihuahua
GENERAL MIGUEL BARRAGAN,7709,Chihuahua,31130,Chihuahua
CHE GUEVARA,1309,Chihuahua,31064,Chihuahua
RUISEÑOR,6716,Juárez,32610,Chihuahua
MINA LA PRINCESA,1301,Chihuahua,31060,Chihuahua
CHINACANTECOS,2505,Juárez,32280,Chihuahua
ESPINOZA,447,Ensenada,22800,Baja California
Lázaro Cárdenas,0,Mexicali,21399,Baja California
NIÑOS HEROES (B),1393,Tijuana,22000,Baja California
LAS TORRES,21804,Tijuana,22206,Baja California
AVENIDA DE LAS INDUSTRIAS,SN,Chihuahua,31136,Chihuahua
Santos Dumont,6211,Juárez,32695,Chihuahua
Homero,500,Chihuahua,31136,Chihuahua
MEXICO,242,Mexicali,21100,Baja California
SIERRA MADRE ORIENTAL,SN,Mexicali,21970,Baja California
Calzada de las Águilas,0,Ensenada,22880,Baja California
RUISEÑOR,6716,Juárez,32610,Chihuahua
CHINACANTECOS,2505,Juárez,32280,Chihuahua
ESPINOZA,447,Ensenada,22800,Baja California
JUAN ESCUTIA,2048,Chihuahua,31110,Chihuahua
WASHINGTON,500,Chihuahua,31114,Chihuahua
GOMEZ MORIN,516,Delicias,33000,Chihuahua
VALLARTA,4707,Chihuahua,31100,Chihuahua
CALLE DE LA CAPILLA NORTE,1043,Juárez,32553,Chihuahua
GENERAL MIGUEL BARRAGAN,7709,Chihuahua,31130,Chihuahua
CHE GUEVARA,1309,Chihuahua,31064,Chihuahua
RUISEÑOR,6716,Juárez,32610,Chihuahua
MINA LA PRINCESA,1301,Chihuahua,31060,Chihuahua
CHINACANTECOS,2505,Juárez,32280,Chihuahua
ESPINOZA,447,Ensenada,22800,Baja California
JUAN ESCUTIA,2048,Chihuahua,31110,Chihuahua
WASHINGTON,500,Chihuahua,31114,Chihuahua
GOMEZ MORIN,516,Delicias,33000,Chihuahua
FRANCISCO ZARCO MATEOS,7023,Chihuahua,31410,Chihuahua
MEXICO,242,Mexicali,21100,Baja California
SIERRA MADRE ORIENTAL,SN,Mexicali,21970,Baja California
Calzada de las Águilas,0,Ensenada,22880,Baja California
Benito Juárez,57,Tijuana,21060,Baja California
Lázaro Cárdenas,0,Mexicali,21399,Baja California
NIÑOS HEROES (B),1393,Tijuana,22000,Baja California
LAS TORRES,21804,Tijuana,22206,Baja California
GENERAL ALVARO OBREGON,701,Mexicali,21100,Baja California
DIPLOMATICOS,14911,Tijuana,22427,Baja California
MARISCAL SUCRE,65,Tijuana,22115,Baja California
12 DE OCTUBRE,3417,Tijuana,22100,Baja California
22 DE NOVIEMBRE,875,Tijuana,22100,Baja California
APOZOL,1562,Mexicali,21090,Baja California
VIRGILIO URIBE,967,Ensenada,22800,Baja California
Ruta Independencia,9801,Tijuana,22330,Baja California
CASTILLO,794,Ensenada,22800,Baja California
RIO MOCORITO,800,Mexicali,21290,Baja California
CALLE DEL ARROYAN,399,Mexicali,21254,Baja California
DEL ARROYAN,0,Mexicali,21399,Baja California
LAZARO CARDENAS,1500,Mexicali,21180,Baja California
VASCO DE QUIROGA,702,Mexicali,21240,Baja California
FRANCISCO I. MADERO,464,Mexicali,21100,Baja California
SEGUNDA Y MEDIA,316,Chihuahua,31000,Chihuahua
AVENIDA DE LA INDUSTRIA,1181,Juárez,32470,Chihuahua
OCTAVA,2803,Chihuahua,31050,Chihuahua
JUAN ESCUTIA,2048,Chihuahua,31110,Chihuahua
WASHINGTON,500,Chihuahua,31114,Chihuahua
GOMEZ MORIN,516,Delicias,33000,Chihuahua
FRANCISCO ZARCO MATEOS,7023,Chihuahua,31410,Chihuahua
C. JULIAN CARRILLO,610,Chihuahua,31000,Chihuahua
PASEOS DE ALDAMA,13906,Chihuahua,31125,Chihuahua
AVENIDA DE LAS INDUSTRIAS,SN,Chihuahua,31136,Chihuahua
Benito Juárez,57,Tijuana,21060,Baja California
Lázaro Cárdenas,0,Mexicali,21399,Baja California
NIÑOS HEROES (B),1393,Tijuana,22000,Baja California
MANUEL DOBLADO,1304,Camargo,33730,Chihuahua
SEGUNDA Y MEDIA,316,Chihuahua,31000,Chihuahua
AVENIDA DE LA INDUSTRIA,1181,Juárez,32470,Chihuahua
OCTAVA,2803,Chihuahua,31050,Chihuahua
JUAN ESCUTIA,2048,Chihuahua,31110,Chihuahua
WASHINGTON,500,Chihuahua,31114,Chihuahua
GOMEZ MORIN,516,Delicias,33000,Chihuahua
Santos Dumont,6211,Juárez,32695,Chihuahua
Homero,500,Chihuahua,31136,Chihuahua
VALLARTA,4707,Chihuahua,31100,Chihuahua
CALLE DE LA CAPILLA NORTE,1043,Juárez,32553,Chihuahua
GENERAL MIGUEL BARRAGAN,7709,Chihuahua,31130,Chihuahua
CHE GUEVARA,1309,Chihuahua,31064,Chihuahua
RUISEÑOR,6716,Juárez,32610,Chihuahua
MINA LA PRINCESA,1301,Chihuahua,31060,Chihuahua
CHINACANTECOS,2505,Juárez,32280,Chihuahua
DE LAS INDUSTRIAS,6701,Chihuahua,31150,Chihuahua
RÍO SAN PEDRO,1901,Meoqui,33130,Chihuahua
CONSTITUCION,SN,Tijuana,22000,Baja California
FRANCISCO I. MADERO,946,Mexicali,21100,Baja California
MIGUEL NEGRETE,1841,Tijuana,22000,Baja California
ESPINOZA,447,Ensenada,22800,Baja California
MEXICO,242,Mexicali,21100,Baja California
SIERRA MADRE ORIENTAL,SN,Mexicali,21970,Baja California
Calzada de las Águilas,0,Ensenada,22880,Baja California
Benito Juárez,57,Tijuana,21060,Baja California
Lázaro Cárdenas,0,Mexicali,21399,Baja California
NIÑOS HEROES (B),1393,Tijuana,22000,Baja California
MANUEL DOBLADO,1304,Camargo,33730,Chihuahua
SEGUNDA Y MEDIA,316,Chihuahua,31000,Chihuahua
AVENIDA DE LA INDUSTRIA,1181,Juárez,32470,Chihuahua
OCTAVA,2803,Chihuahua,31050,Chihuahua
JUAN ESCUTIA,2048,Chihuahua,31110,Chihuahua
WASHINGTON,500,Chihuahua,31114,Chihuahua
GOMEZ MORIN,516,Delicias,33000,Chihuahua
FRANCISCO ZARCO MATEOS,7023,Chihuahua,31410,Chihuahua
C. JULIAN CARRILLO,610,Chihuahua,31000,Chihuahua
PASEOS DE ALDAMA,13906,Chihuahua,31125,Chihuahua
AVENIDA DE LAS INDUSTRIAS,SN,Chihuahua,31136,Chihuahua
Santos Dumont,6211,Juárez,32695,Chihuahua
LAS TORRES,21804,Tijuana,22206,Baja California
GENERAL ALVARO OBREGON,701,Mexicali,21100,Baja California
DIPLOMATICOS,14911,Tijuana,22427,Baja California
CARRILLO PUERTO (TERCERA),7736,Tijuana,22000,Baja California
MANUEL DOBLADO,1304,Camargo,33730,Chihuahua
SEGUNDA Y MEDIA,316,Chihuahua,31000,Chihuahua
AVENIDA DE LA INDUSTRIA,1181,Juárez,32470,Chihuahua
OCTAVA,2803,Chihuahua,31050,Chihuahua
JUAN ESCUTIA,2048,Chihuahua,31110,Chihuahua
WASHINGTON,500,Chihuahua,31114,Chihuahua
GOMEZ MORIN,516,Delicias,33000,Chihuahua
FRANCISCO ZARCO MATEOS,7023,Chihuahua,31410,Chihuahua
C. JULIAN CARRILLO,610,Chihuahua,31000,Chihuahua
PASEOS DE ALDAMA,13906,Chihuahua,31125,Chihuahua
AVENIDA DE LAS INDUSTRIAS,SN,Chihuahua,31136,Chihuahua
Santos Dumont,6211,Juárez,32695,Chihuahua
Homero,500,Chihuahua,31136,Chihuahua
VALLARTA,4707,Chihuahua,31100,Chihuahua
CALLE DE LA CAPILLA NORTE,1043,Juárez,32553,Chihuahua
GENERAL MIGUEL BARRAGAN,7709,Chihuahua,31130,Chihuahua
CHE GUEVARA,1309,Chihuahua,31064,Chihuahua
RUISEÑOR,6716,Juárez,32610,Chihuahua
MINA LA PRINCESA,1301,Chihuahua,31060,Chihuahua
CHINACANTECOS,2505,Juárez,32280,Chihuahua
DE LAS INDUSTRIAS,6701,Chihuahua,31150,Chihuahua
RÍO SAN PEDRO,1901,Meoqui,33130,Chihuahua